postnr,by,latitude,longitude,kommune
1050,København K,55.68065246,12.58600133,København
1051,København K,55.6798377,12.59022696,København
1052,København K,55.67906706,12.58954953,København
1053,København K,55.67798554,12.59073024,København
1054,København K,55.67763459,12.58906639,København
1055,København K,55.67723256,12.58807383,København
1056,København K,55.67946993,12.58793902,København
1057,København K,55.67833309,12.58959143,København
1058,København K,55.67595336,12.58792693,København
1059,København K,55.67675239,12.58672365,København
1060,København K,55.67651434,12.5837984,København
1061,København K,55.67749602,12.5810871,København
1062,København K,55.67745504,12.5820684,København
1063,København K,55.67812648,12.58481601,København
1064,København K,55.67855701,12.58421619,København
1065,København K,55.67792419,12.58120927,København
1066,København K,55.67738024,12.58283658,København
1067,København K,55.67872776,12.58180816,København
1068,København K,55.67746813,12.58355191,København
1069,København K,55.67777633,12.58417532,København
1070,København K,55.67881568,12.58352498,København
1071,København K,55.67826694,12.58375053,København
1072,København K,55.67845615,12.58065996,København
1073,København K,55.67878677,12.58060115,København
1074,København K,55.67941235,12.5835962,København
1100,København K,55.67989336,12.58283276,København
1101,København K,55.68044771,12.5831775,København
1102,København K,55.68084435,12.58279789,København
1103,København K,55.68076455,12.58412972,København
1104,København K,55.68124172,12.58393567,København
1105,København K,55.68003329,12.58212355,København
1106,København K,55.68045276,12.58120094,København
1107,København K,55.68161934,12.58319268,København
1110,København K,55.68146481,12.5818153,København
1111,København K,55.68219996,12.58080608,København
1112,København K,55.68123981,12.57974966,København
1113,København K,55.68001592,12.58017369,København
1114,København K,55.68069802,12.57891556,København
1115,København K,55.68103123,12.5782846,København
1116,København K,55.68222456,12.58005882,København
1117,København K,55.6810324,12.58157142,København
1118,København K,55.68104247,12.58080964,København
1119,København K,55.6823894,12.57714609,København
1120,København K,55.68236562,12.57870875,København
1121,København K,55.68277836,12.57891573,København
1122,København K,55.68253368,12.57978841,København
1123,København K,55.68426232,12.57745579,København
1124,København K,55.68303024,12.57689183,København
1125,København K,55.6824351,12.5763264,København
1126,København K,55.68230152,12.57516001,København
1127,København K,55.68291443,12.57557089,København
1128,København K,55.68282201,12.57473787,København
1129,København K,55.68317382,12.57433901,København
1130,København K,55.68337542,12.57364349,København
1131,København K,55.68385549,12.5738097,København
1150,København K,55.68116195,12.57713782,København
1151,København K,55.67925834,12.57640167,København
1152,København K,55.68037643,12.57705358,København
1153,København K,55.67913736,12.57741313,København
1154,København K,55.67961793,12.5758435,København
1155,København K,55.68007367,12.57544104,København
1156,København K,55.67957221,12.57530761,København
1157,København K,55.67907168,12.57544281,København
1158,København K,55.67861951,12.57361214,København
1159,København K,55.68077513,12.57608635,København
1160,København K,55.67891577,12.57872573,København
1161,København K,55.67849122,12.57562704,København
1162,København K,55.67892784,12.57424006,København
1164,København K,55.67826381,12.57338344,København
1165,København K,55.68076308,12.57068192,København
1166,København K,55.67899335,12.57281215,København
1167,København K,55.6791299,12.57155172,København
1168,København K,55.67990118,12.57235905,København
1169,København K,55.680565,12.57454621,København
1170,København K,55.68008905,12.57446263,København
1171,København K,55.68176293,12.57230844,København
1172,København K,55.68095745,12.5736165,København
1173,København K,55.68174413,12.57365135,København
1174,København K,55.68241134,12.5724811,København
1175,København K,55.68255536,12.57414508,København
1200,København K,55.67820341,12.5798222,København
1201,København K,55.67813397,12.57787668,København
1202,København K,55.6777881,12.57894282,København
1203,København K,55.6765462,12.57680004,København
1204,København K,55.67653214,12.57548042,København
1205,København K,55.67723642,12.57678089,København
1206,København K,55.67754793,12.57706457,København
1207,København K,55.67810969,12.57661838,København
1208,København K,55.6769724,12.57500757,København
1209,København K,55.67789078,12.57572903,København
1210,København K,55.67809804,12.57425967,København
1211,København K,55.67746346,12.5742407,København
1212,København K,55.6770308,12.57874486,København
1213,København K,55.67665117,12.57779783,København
1214,København K,55.67457161,12.57975543,København
1215,København K,55.67544188,12.58576691,København
1216,København K,55.67524053,12.58304021,København
1218,København K,55.67606465,12.58039426,København
1219,København K,55.67370675,12.58340336,København
1220,København K,55.67358331,12.57862049,København
1221,København K,55.67283897,12.58192337,København
1250,København K,55.68202801,12.58975823,København
1251,København K,55.67960602,12.59498748,København
1252,København K,55.68145466,12.59617117,København
1253,København K,55.6847672,12.59699341,København
1254,København K,55.68100155,12.59034599,København
1255,København K,55.68116853,12.58863161,København
1256,København K,55.68579757,12.59417151,København
1257,København K,55.68446372,12.59278982,København
1259,København K,55.70489621,12.6154165,København
1260,København K,55.68378904,12.59008573,København
1261,København K,55.68191836,12.58694628,København
1263,København K,55.68876737,12.59622407,København
1264,København K,55.68424184,12.58756966,København
1265,København K,55.68485743,12.58943983,København
1266,København K,55.68789729,12.59098837,København
1267,København K,55.68828183,12.5903806,København
1268,København K,55.68881006,12.59030867,København
1270,København K,55.68984032,12.5908799,København
1271,København K,55.68924322,12.58981807,København
1300,København K,55.68266571,12.58427444,København
1301,København K,55.68334448,12.58587955,København
1302,København K,55.68448319,12.58409674,København
1303,København K,55.68594749,12.58837636,København
1304,København K,55.68333481,12.58306965,København
1306,København K,55.68430724,12.58135321,København
1307,København K,55.68643425,12.57998797,København
1308,København K,55.6865329,12.58479357,København
1309,København K,55.68721135,12.58342163,København
1310,København K,55.68593955,12.59029867,København
1311,København K,55.68811515,12.58380631,København
1312,København K,55.68763774,12.58583966,København
1313,København K,55.68703948,12.58894598,København
1314,København K,55.68750826,12.58633595,København
1315,København K,55.68763127,12.58791833,København
1316,København K,55.68830711,12.58282835,København
1317,København K,55.68896717,12.58191343,København
1318,København K,55.68846582,12.58478262,København
1319,København K,55.68802871,12.58712218,København
1320,København K,55.68846691,12.58748743,København
1321,København K,55.68791672,12.5895451,København
1322,København K,55.68835925,12.58942362,København
1323,København K,55.68966625,12.58573703,København
1324,København K,55.68930756,12.58712585,København
1325,København K,55.68932439,12.58847527,København
1326,København K,55.68962824,12.58839238,København
1327,København K,55.69037471,12.58723576,København
1328,København K,55.68991619,12.58836924,København
1329,København K,55.68914774,12.58464108,København
1350,København K,55.68659617,12.57590522,København
1352,København K,55.68939296,12.57310725,København
1353,København K,55.68704697,12.57119575,København
1354,København K,55.68980117,12.57096165,København
1355,København K,55.68871643,12.5712291,København
1356,København K,55.6871711,12.56804206,København
1357,København K,55.68858347,12.56795624,København
1358,København K,55.68056747,12.56695637,København
1359,København K,55.68365009,12.56421074,København
1360,København K,55.6856827,12.56656367,København
1361,København K,55.68296065,12.56876693,København
1362,København K,55.68488443,12.56993139,København
1363,København K,55.68513437,12.56557099,København
1364,København K,55.68207564,12.56643374,København
1365,København K,55.68208169,12.56444325,København
1366,København K,55.68207959,12.56325243,København
1367,København K,55.68310746,12.56359571,København
1368,København K,55.68138249,12.56378826,København
1369,København K,55.68214443,12.55953017,København
1370,København K,55.68484818,12.56346092,København
1371,København K,55.68594651,12.56404534,København
1400,København K,55.67038519,12.59681168,København
1401,København K,55.67729107,12.59566443,København
1402,København K,55.67280147,12.58542262,København
1403,København K,55.67539344,12.5941033,København
1406,København K,55.67493602,12.59344137,København
1407,København K,55.67360101,12.59549054,København
1408,København K,55.67363421,12.59088619,København
1409,København K,55.67355505,12.58767981,København
1410,København K,55.67196294,12.59114295,København
1411,København K,55.6706881,12.58304583,København
1412,København K,55.67059202,12.58609487,København
1413,København K,55.67064899,12.58669684,København
1414,København K,55.67225731,12.58974986,København
1415,København K,55.67444226,12.59499761,København
1416,København K,55.67286214,12.59424032,København
1417,København K,55.67274948,12.59236256,København
1418,København K,55.67133117,12.59016855,København
1419,København K,55.67053449,12.58895097,København
1420,København K,55.67073872,12.59000159,København
1421,København K,55.67028252,12.58811181,København
1422,København K,55.67583778,12.60083,København
1423,København K,55.67073581,12.59282667,København
1424,København K,55.66931315,12.59220558,København
1425,København K,55.67184012,12.59425877,København
1426,København K,55.67223173,12.59670167,København
1427,København K,55.67501129,12.59740604,København
1428,København K,55.67551144,12.59745699,København
1429,København K,55.67527963,12.59825398,København
1430,København K,55.67701184,12.59864182,København
1432,København K,55.69425974,12.61655877,København
1433,København K,55.72946145,12.72430087,København
1434,København K,55.68032633,12.60345664,København
1435,København K,55.6803494,12.60607236,København
1436,København K,55.6760139,12.6035624,København
1437,København K,55.6822005,12.60755523,København
1438,København K,55.68254869,12.60018111,København
1439,København K,55.68671916,12.60639558,København
1440,København K,55.67308696,12.60137342,København
1441,København K,55.67992992,12.6128732,København
1450,København K,55.67728132,12.57305928,København
1451,København K,55.6800785,12.56919359,København
1452,København K,55.67954104,12.56829492,København
1453,København K,55.67990502,12.57080331,København
1454,København K,55.67806442,12.56955821,København
1455,København K,55.67883409,12.57032224,København
1456,København K,55.67731979,12.56925402,København
1457,København K,55.67821919,12.57191269,København
1458,København K,55.67697626,12.57201105,København
1459,København K,55.67753312,12.57180355,København
1460,København K,55.67662509,12.57083548,København
1461,København K,55.67681948,12.57298975,København
1462,København K,55.6762414,12.57177767,København
1463,København K,55.67572208,12.57219443,København
1464,København K,55.67644962,12.5726221,København
1465,København K,55.67606578,12.57342745,København
1466,København K,55.67686347,12.57412316,København
1467,København K,55.67607304,12.57413846,København
1468,København K,55.67552423,12.57336739,København
1470,København K,55.67506238,12.57386014,København
1471,København K,55.67431551,12.57499967,København
1472,København K,55.67368537,12.57632308,København
1473,København K,55.67232734,12.57834447,København
1550,København V,55.67630637,12.56794358,København
1551,København V,55.67922359,12.56484383,København
1552,København V,55.67433051,12.57367758,København
1553,København V,55.67455675,12.56908785,København
1554,København V,55.67705334,12.56487951,København
1555,København V,55.674964,12.57512169,København
1556,København V,55.67354201,12.5735107,København
1557,København V,55.6731643,12.57487219,København
1558,København V,55.67189966,12.57714319,København
1559,København V,55.67150035,12.57764517,København
1560,København V,55.66666733,12.57076138,København
1561,København V,55.66088444,12.56237688,København
1562,København V,55.67042671,12.57484744,København
1563,København V,55.67081742,12.57359465,København
1564,København V,55.67242943,12.57621894,København
1567,København V,55.67019634,12.57132645,København
1568,København V,55.66908712,12.57277693,København
1569,København V,55.67128988,12.57067539,København
1570,København V,55.67358392,12.56449889,København
1571,København V,55.67075323,12.57232129,København
1572,København V,55.671606,12.5730003,København
1573,København V,55.67173669,12.57409664,København
1574,København V,55.67158961,12.57217128,København
1575,København V,55.67200881,12.57057649,København
1576,København V,55.67113694,12.56944432,København
1577,København V,55.66901439,12.56800721,København
1600,København V,55.67988681,12.56258051,København
1601,København V,55.67877817,12.55937917,København
1602,København V,55.67873082,12.5612736,København
1603,København V,55.67925094,12.56222843,København
1604,København V,55.67743294,12.5613943,København
1605,København V,55.67602364,12.56106245,København
1606,København V,55.67806697,12.56232778,København
1607,København V,55.67858553,12.56377805,København
1608,København V,55.67611495,12.56532316,København
1609,København V,55.67579789,12.56377996,København
1610,København V,55.67457821,12.55768339,København
1611,København V,55.67518232,12.56362751,København
1612,København V,55.67560841,12.56267131,København
1613,København V,55.67452629,12.56162653,København
1614,København V,55.67414128,12.56065848,København
1615,København V,55.67390932,12.55909001,København
1616,København V,55.67309834,12.55710699,København
1617,København V,55.67294594,12.55457903,København
1618,København V,55.67382242,12.55126144,København
1619,København V,55.67376086,12.55017806,København
1620,København V,55.67264298,12.55913327,København
1621,København V,55.67293333,12.54769433,København
1622,København V,55.67245693,12.54658832,København
1623,København V,55.67193979,12.54526736,København
1624,København V,55.67212888,12.54598034,København
1631,København V,55.6825235,12.55548923,København
1632,København V,55.68343153,12.55545314,København
1633,København V,55.68231545,12.5564173,København
1634,København V,55.68187637,12.55549264,København
1635,København V,55.68284156,12.55627711,København
1650,København V,55.66872787,12.55197362,København
1651,København V,55.67129215,12.56525239,København
1652,København V,55.67242389,12.56197922,København
1653,København V,55.67234568,12.5609699,København
1654,København V,55.67158989,12.55933466,København
1655,København V,55.67121581,12.55816022,København
1656,København V,55.67137912,12.55631521,København
1657,København V,55.67050611,12.55581577,København
1658,København V,55.67049852,12.55413977,København
1659,København V,55.67182348,12.55451216,København
1660,København V,55.67089792,12.55264927,København
1661,København V,55.67164674,12.55188166,København
1662,København V,55.67152277,12.55084057,København
1663,København V,55.67061559,12.54995271,København
1664,København V,55.67191845,12.54919832,København
1665,København V,55.67082135,12.54858405,København
1666,København V,55.66979331,12.54734503,København
1667,København V,55.66906572,12.54621289,København
1668,København V,55.66882907,12.54794234,København
1669,København V,55.66573477,12.54769264,København
1670,København V,55.66709135,12.54504302,København
1671,København V,55.66825809,12.54566781,København
1672,København V,55.6685544,12.54639085,København
1673,København V,55.66799575,12.5465375,København
1674,København V,55.6656097,12.54312616,København
1675,København V,55.66647464,12.54685256,København
1676,København V,55.66619152,12.54842401,København
1677,København V,55.66602386,12.54700046,København
1699,København V,55.66810542,12.56294693,København
1700,København V,55.66964694,12.56228976,København
1701,København V,55.67179515,12.56331688,København
1702,København V,55.67134085,12.5637674,København
1703,København V,55.67056976,12.56292145,København
1704,København V,55.67305739,12.5699623,København
1705,København V,55.66349423,12.54517056,København
1706,København V,55.67074811,12.55994889,København
1707,København V,55.6718825,12.56062207,København
1708,København V,55.6696213,12.55745219,København
1709,København V,55.66829956,12.55436089,København
1710,København V,55.67015852,12.56287023,København
1711,København V,55.66770326,12.5594416,København
1712,København V,55.66837077,12.55783183,København
1714,København V,55.66603571,12.5584376,København
1715,København V,55.66870393,12.56063662,København
1716,København V,55.66884414,12.55886941,København
1717,København V,55.6670686,12.55732037,København
1718,København V,55.66711053,12.55560361,København
1719,København V,55.66698025,12.55476615,København
1720,København V,55.66359129,12.54064325,København
1721,København V,55.66624074,12.55326244,København
1722,København V,55.66657955,12.55418453,København
1723,København V,55.66726948,12.5522664,København
1724,København V,55.66809061,12.55200311,København
1725,København V,55.66565101,12.55379172,København
1726,København V,55.66564743,12.55256569,København
1727,København V,55.66529918,12.55157104,København
1728,København V,55.66481971,12.55064723,København
1729,København V,55.66458741,12.54915072,København
1730,København V,55.66439813,12.54822289,København
1731,København V,55.66411741,12.54688486,København
1732,København V,55.66393593,12.54573859,København
1733,København V,55.66368886,12.54431734,København
1734,København V,55.66523209,12.54568262,København
1735,København V,55.66479718,12.54537668,København
1736,København V,55.66524968,12.54364271,København
1737,København V,55.66484287,12.54447071,København
1738,København V,55.66449069,12.54375074,København
1739,København V,55.664438,12.54299209,København
1749,København V,55.66952602,12.53704741,København
1750,København V,55.66769158,12.5398063,København
1751,København V,55.67008603,12.54477144,København
1752,København V,55.67003659,12.54294527,København
1753,København V,55.66961867,12.54335814,København
1754,København V,55.66925047,12.54411696,København
1755,København V,55.66967755,12.54272296,København
1756,København V,55.66900959,12.54203009,København
1757,København V,55.66915035,12.54082339,København
1758,København V,55.66758517,12.54297343,København
1759,København V,55.66851692,12.5432819,København
1760,København V,55.66571623,12.54546668,København
1761,København V,55.66772397,12.54124611,København
1762,København V,55.66555484,12.54086863,København
1763,København V,55.6656842,12.54207733,København
1764,København V,55.66497095,12.53940436,København
1765,København V,55.66440364,12.53905783,København
1766,København V,55.66414411,12.54067769,København
1770,København V,55.66822916,12.5365578,København
1771,København V,55.66852133,12.53917356,København
1772,København V,55.6682938,12.53864545,København
1773,København V,55.66818798,12.53801681,København
1774,København V,55.66797162,12.53904722,København
1775,København V,55.66788031,12.53683801,København
1777,København V,55.66702322,12.53764622,København
1799,København V,55.66585361,12.53344813,København
1800,Frederiksberg C,55.67047098,12.53600765,Frederiksberg
1801,Frederiksberg C,55.6690663,12.53414281,Frederiksberg
1802,Frederiksberg C,55.67007767,12.53457921,Frederiksberg
1803,Frederiksberg C,55.66997053,12.53340416,Frederiksberg
1804,Frederiksberg C,55.67003692,12.53225891,Frederiksberg
1805,Frederiksberg C,55.66804842,12.5311529,Frederiksberg
1806,Frederiksberg C,55.6721564,12.53424914,Frederiksberg
1807,Frederiksberg C,55.67115759,12.53331808,Frederiksberg
1808,Frederiksberg C,55.67159046,12.53426314,Frederiksberg
1809,Frederiksberg C,55.6716243,12.53554461,Frederiksberg
1810,Frederiksberg C,55.67146453,12.53960125,København
1811,Frederiksberg C,55.6725422,12.53677431,Frederiksberg
1812,Frederiksberg C,55.67120846,12.53698945,Frederiksberg
1813,Frederiksberg C,55.67238106,12.53865345,Frederiksberg
1814,Frederiksberg C,55.67153382,12.54130724,Frederiksberg
1815,Frederiksberg C,55.6727428,12.54237549,Frederiksberg
1816,Frederiksberg C,55.67280184,12.54338951,Frederiksberg
1817,Frederiksberg C,55.6720535,12.54298543,Frederiksberg
1818,Frederiksberg C,55.67247144,12.54488147,Frederiksberg
1819,Frederiksberg C,55.67398318,12.54936765,Frederiksberg
1820,Frederiksberg C,55.67407429,12.53462279,Frederiksberg
1822,Frederiksberg C,55.67268282,12.54608419,Frederiksberg
1823,Frederiksberg C,55.67285485,12.54538991,Frederiksberg
1824,Frederiksberg C,55.67414951,12.54712394,Frederiksberg
1825,Frederiksberg C,55.67422815,12.5454441,Frederiksberg
1826,Frederiksberg C,55.67479317,12.54450577,Frederiksberg
1827,Frederiksberg C,55.67472699,12.54312856,Frederiksberg
1828,Frederiksberg C,55.67482887,12.5419349,Frederiksberg
1829,Frederiksberg C,55.67594343,12.54143187,Frederiksberg
1850,Frederiksberg C,55.67774692,12.5362512,Frederiksberg
1851,Frederiksberg C,55.67572373,12.53965438,Frederiksberg
1852,Frederiksberg C,55.67648934,12.53849568,Frederiksberg
1853,Frederiksberg C,55.67529526,12.53701022,Frederiksberg
1854,Frederiksberg C,55.67515529,12.53452691,Frederiksberg
1855,Frederiksberg C,55.67620071,12.53573489,Frederiksberg
1856,Frederiksberg C,55.67661415,12.53738999,Frederiksberg
1857,Frederiksberg C,55.67693751,12.53561489,Frederiksberg
1860,Frederiksberg C,55.68109331,12.53719762,Frederiksberg
1861,Frederiksberg C,55.67979174,12.53508153,Frederiksberg
1862,Frederiksberg C,55.68004417,12.53618519,Frederiksberg
1863,Frederiksberg C,55.67918107,12.53725843,Frederiksberg
1864,Frederiksberg C,55.6783961,12.53709225,Frederiksberg
1865,Frederiksberg C,55.67906052,12.53840772,Frederiksberg
1866,Frederiksberg C,55.67777926,12.53802154,Frederiksberg
1867,Frederiksberg C,55.67856694,12.53980769,Frederiksberg
1868,Frederiksberg C,55.67769198,12.54048726,Frederiksberg
1870,Frederiksberg C,55.68052551,12.54099176,Frederiksberg
1871,Frederiksberg C,55.68208484,12.54271496,Frederiksberg
1872,Frederiksberg C,55.68027144,12.54486513,Frederiksberg
1873,Frederiksberg C,55.67981424,12.54531212,Frederiksberg
1874,Frederiksberg C,55.6794665,12.546312,Frederiksberg
1875,Frederiksberg C,55.67914852,12.54439633,Frederiksberg
1876,Frederiksberg C,55.67796084,12.54513765,Frederiksberg
1877,Frederiksberg C,55.676822,12.54314122,Frederiksberg
1878,Frederiksberg C,55.67659707,12.54447671,Frederiksberg
1879,Frederiksberg C,55.67944885,12.54791386,Frederiksberg
1900,Frederiksberg C,55.67568449,12.55571599,Frederiksberg
1901,Frederiksberg C,55.67596832,12.54638197,Frederiksberg
1902,Frederiksberg C,55.67688481,12.54764912,Frederiksberg
1903,Frederiksberg C,55.67760453,12.54962625,Frederiksberg
1904,Frederiksberg C,55.67662945,12.5503761,Frederiksberg
1905,Frederiksberg C,55.67515882,12.55050195,Frederiksberg
1906,Frederiksberg C,55.67534886,12.55138892,Frederiksberg
1908,Frederiksberg C,55.67446845,12.55353922,Frederiksberg
1909,Frederiksberg C,55.67558015,12.55272852,Frederiksberg
1910,Frederiksberg C,55.67957423,12.55012682,Frederiksberg
1911,Frederiksberg C,55.67759267,12.55287463,Frederiksberg
1912,Frederiksberg C,55.67947352,12.55170183,Frederiksberg
1913,Frederiksberg C,55.67825536,12.55215583,Frederiksberg
1914,Frederiksberg C,55.67839105,12.55360844,Frederiksberg
1915,Frederiksberg C,55.67886014,12.55191481,Frederiksberg
1916,Frederiksberg C,55.67755331,12.55696888,Frederiksberg
1917,Frederiksberg C,55.67684523,12.55519671,Frederiksberg
1920,Frederiksberg C,55.68036477,12.54975215,Frederiksberg
1921,Frederiksberg C,55.67989699,12.55335595,Frederiksberg
1922,Frederiksberg C,55.68060854,12.55207833,Frederiksberg
1923,Frederiksberg C,55.6811586,12.55021079,Frederiksberg
1924,Frederiksberg C,55.68134585,12.55169309,Frederiksberg
1925,Frederiksberg C,55.68101368,12.55346186,Frederiksberg
1926,Frederiksberg C,55.68001631,12.5563497,Frederiksberg
1927,Frederiksberg C,55.67936955,12.55644595,Frederiksberg
1928,Frederiksberg C,55.67873506,12.55637458,Frederiksberg
1950,Frederiksberg C,55.68169351,12.53569241,Frederiksberg
1951,Frederiksberg C,55.68207494,12.53659621,Frederiksberg
1952,Frederiksberg C,55.68244847,12.53583526,Frederiksberg
1953,Frederiksberg C,55.68293731,12.53719507,Frederiksberg
1954,Frederiksberg C,55.68414812,12.5391162,Frederiksberg
1955,Frederiksberg C,55.6836199,12.54040474,Frederiksberg
1956,Frederiksberg C,55.6833691,12.54129064,Frederiksberg
1957,Frederiksberg C,55.68329671,12.54256238,Frederiksberg
1958,Frederiksberg C,55.68501919,12.54339865,Frederiksberg
1959,Frederiksberg C,55.68571394,12.54131491,Frederiksberg
1960,Frederiksberg C,55.68501875,12.54803396,Frederiksberg
1961,Frederiksberg C,55.6819061,12.54710267,Frederiksberg
1962,Frederiksberg C,55.68262187,12.54653218,Frederiksberg
1963,Frederiksberg C,55.68129366,12.54809396,Frederiksberg
1964,Frederiksberg C,55.68439097,12.54841915,Frederiksberg
1965,Frederiksberg C,55.68343992,12.54828201,Frederiksberg
1966,Frederiksberg C,55.68336984,12.54945981,Frederiksberg
1967,Frederiksberg C,55.68419509,12.54978855,Frederiksberg
1970,Frederiksberg C,55.68275244,12.54880394,Frederiksberg
1971,Frederiksberg C,55.68421574,12.55227545,Frederiksberg
1972,Frederiksberg C,55.68366621,12.55268155,Frederiksberg
1973,Frederiksberg C,55.68367036,12.55429159,Frederiksberg
1974,Frederiksberg C,55.6822106,12.55381232,Frederiksberg
2000,Frederiksberg,55.67945641,12.51562935,København
2100,København Ø,55.7109795,12.57364633,København
2150,Nordhavn,55.72293927,12.61612961,København
2200,København N,55.6940569,12.54914572,København
2300,København S,55.67362511,12.6554181,København
2400,København NV,55.71256101,12.52876704,København
2450,København SV,55.64077611,12.52309722,København
2500,Valby,55.65941452,12.49869399,København
2600,Glostrup,55.6741838,12.39697754,Brøndby
2605,Brøndby,55.64503648,12.40439537,Brøndby
2610,Rødovre,55.68182922,12.44863533,København
2620,Albertslund,55.6869516,12.34477556,Brøndby
2625,Vallensbæk,55.63922355,12.36481979,Vallensbæk
2630,Taastrup,55.6579409,12.28083382,Albertslund
2635,Ishøj,55.58776321,12.39483896,Ishøj
2640,Hedehusene,55.66357137,12.19945854,Høje-Taastrup
2650,Hvidovre,55.58934868,12.46097002,Brøndby
2660,Brøndby Strand,55.61998785,12.42233883,Brøndby
2665,Vallensbæk Strand,55.61964832,12.38841202,Vallensbæk
2670,Greve,55.54103195,12.3529229,Greve
2680,Solrød Strand,55.5150734,12.26072581,Solrød
2690,Karlslunde,55.5692769,12.21374503,Greve
2700,Brønshøj,55.70964347,12.48463422,København
2720,Vanløse,55.6883311,12.48194421,København
2730,Herlev,55.74057031,12.42581802,Ballerup
2740,Skovlunde,55.71528471,12.39724634,Ballerup
2750,Ballerup,55.73668449,12.3638449,Ballerup
2760,Måløv,55.75323652,12.32084626,Ballerup
2765,Smørum,55.72556424,12.28121197,Egedal
2770,Kastrup,55.63352245,12.78698239,København
2791,Dragør,55.5081121,12.59121712,Dragør
2800,Kongens Lyngby,55.78572204,12.52083673,Gentofte
2820,Gentofte,55.75145806,12.53343057,Gentofte
2830,Virum,55.78962271,12.46836985,Lyngby-Taarbæk
2840,Holte,55.81684549,12.48640452,Lyngby-Taarbæk
2850,Nærum,55.81751707,12.54388723,Rudersdal
2860,Søborg,55.73800813,12.48425242,København
2870,Dyssegård,55.73206179,12.527951,Gentofte
2880,Bagsværd,55.76191781,12.44587672,Gladsaxe
2900,Hellerup,55.73442051,12.56946744,København
2920,Charlottenlund,55.75754187,12.6282041,Gentofte
2930,Klampenborg,55.79609961,12.62132919,Gentofte
2942,Skodsborg,55.82842884,12.59260158,Rudersdal
2950,Vedbæk,55.86532817,12.64375317,Hørsholm
2960,Rungsted Kyst,55.88693173,12.54954886,Hørsholm
2970,Hørsholm,55.88126308,12.43890506,Allerød
2980,Kokkedal,55.91992432,12.45605071,Fredensborg
2990,Nivå,55.92959715,12.51321363,Fredensborg
3000,Helsingør,56.03943161,12.61245096,Helsingør
3050,Humlebæk,55.9604599,12.53687938,Fredensborg
3060,Espergærde,55.99425687,12.54283631,Fredensborg
3070,Snekkersten,56.00467892,12.59499744,Helsingør
3080,Tikøb,56.02560338,12.45560033,Helsingør
3100,Hornbæk,56.10118532,12.45420474,Helsingør
3120,Dronningmølle,56.10714196,12.38687452,Gribskov
3140,Ålsgårde,56.09086037,12.5430865,Helsingør
3150,Hellebæk,56.06020462,12.5478008,Helsingør
3200,Helsinge,56.01099572,12.1715219,Hillerød
3210,Vejby,56.09457775,12.13066388,Gribskov
3220,Tisvildeleje,56.12775807,11.95917304,Gribskov
3230,Græsted,56.22745639,12.06980339,Helsingør
3250,Gilleleje,56.16514414,12.29353244,Gribskov
3300,Frederiksværk,55.97774198,12.05634805,Halsnæs
3310,Ølsted,55.91156813,12.06925064,Hillerød
3320,Skævinge,55.93559156,12.15008815,Hillerød
3330,Gørløse,55.8837888,12.2099944,Hillerød
3360,Liseleje,56.09213437,11.87609952,Halsnæs
3370,Melby,55.99124483,11.97025413,Halsnæs
3390,Hundested,56.26445585,11.6705916,Halsnæs
3400,Hillerød,55.92123871,12.28696917,Allerød
3450,Allerød,55.86605512,12.33661891,Allerød
3460,Birkerød,55.84270608,12.41757019,Furesø
3480,Fredensborg,55.97086354,12.40200836,Fredensborg
3490,Kvistgård,55.99928886,12.49542003,Fredensborg
3500,Værløse,55.77912974,12.35591788,Ballerup
3520,Farum,55.81981968,12.35067108,Furesø
3540,Lynge,55.8397364,12.28059858,Furesø
3550,Slangerup,55.85027208,12.17447416,Allerød
3600,Frederikssund,55.85479562,12.07923445,Hillerød
3630,Jægerspris,55.86932225,11.91680034,Frederikssund
3650,Ølstykke,55.78991195,12.1609202,Egedal
3660,Stenløse,55.80077298,12.27836793,Egedal
3670,Veksø Sjælland,55.75497247,12.23729507,Egedal
3700,Rønne,54.98495945,14.40163467,Bornholm
3720,Aakirkeby,54.6920138,14.7409871,Bornholm
3730,Nexø,54.87126103,15.39301087,Bornholm
3740,Svaneke,55.30340399,15.67679007,Bornholm
3751,Østermarie,55.1396331,15.02005943,Bornholm
3760,Gudhjem,55.51191781,15.21574747,Bornholm
3770,Allinge,55.36353136,14.76377199,Bornholm
3782,Klemensker,55.19264146,14.81018781,Bornholm
3790,Hasle,55.2284316,14.52165638,Bornholm
4000,Roskilde,55.65647451,12.06373356,Høje-Taastrup
4030,Tune,55.59602755,12.16990416,Greve
4040,Jyllinge,55.75603087,12.10404063,Roskilde
4050,Skibby,55.75873813,12.01351904,Frederikssund
4060,Kirke Såby,55.65437818,11.87375746,Lejre
4070,Kirke Hyllinge,55.70417096,11.92418149,Lejre
4100,Ringsted,55.43053197,11.82805925,Køge
4130,Viby Sjælland,55.55011926,12.00904287,Køge
4140,Borup,55.49411646,11.97092667,Køge
4160,Herlufmagle,55.32910688,11.77284465,Faxe
4171,Glumsø,55.36237671,11.67300466,Næstved
4173,Fjenneslev,55.43261731,11.66419067,Ringsted
4174,Jystrup Midtsj,55.52537395,11.85552289,Køge
4180,Sorø,55.40880423,11.55727004,Ringsted
4190,Munke Bjergby,55.50160113,11.52243487,Slagelse
4200,Slagelse,55.40887345,11.37134678,Kalundborg
4220,Korsør,55.34799675,11.02962796,Slagelse
4230,Skælskør,55.17717085,11.34912168,Slagelse
4241,Vemmelev,55.36414208,11.26373834,Slagelse
4242,Boeslunde,55.3061459,11.26828566,Slagelse
4243,Rude,55.22423719,11.46287897,Slagelse
4244,Agersø,55.22799697,11.12804101,Slagelse
4245,Omø,55.1182759,11.15794643,Slagelse
4250,Fuglebjerg,55.31864081,11.55229442,Slagelse
4261,Dalmose,55.28221993,11.42947642,Slagelse
4262,Sandved,55.25079677,11.528121,Slagelse
4270,Høng,55.50308551,11.30548124,Kalundborg
4281,Gørlev,55.51887316,11.04711131,Kalundborg
4291,Ruds Vedby,55.55253436,11.38504044,Kalundborg
4293,Dianalund,55.53579978,11.48228398,Kalundborg
4295,Stenlille,55.55246779,11.57749201,Holbæk
4296,Nyrup,55.54056312,11.6485466,Holbæk
4300,Holbæk,55.73825064,11.69985606,Holbæk
4305,Orø,55.78240201,11.80968567,Holbæk
4320,Lejre,55.59456942,11.95696429,Køge
4330,Hvalsø,55.58583604,11.86940589,Holbæk
4340,Tølløse,55.61818163,11.74532267,Holbæk
4350,Ugerløse,55.59017034,11.64996808,Holbæk
4360,Kirke Eskilstrup,55.56442046,11.78695601,Holbæk
4370,Store Merløse,55.54054576,11.7241173,Holbæk
4390,Vipperød,55.66270448,11.74969494,Holbæk
4400,Kalundborg,55.70601705,10.97431629,Kalundborg
4420,Regstrup,55.66048124,11.60711139,Holbæk
4440,Mørkøv,55.62211279,11.49619782,Holbæk
4450,Jyderup,55.61622153,11.38733175,Holbæk
4460,Snertinge,55.6969919,11.37072627,Holbæk
4470,Svebølle,55.65722471,11.29429706,Holbæk
4480,Store Fuglede,55.5741086,11.15168308,Kalundborg
4490,Jerslev Sjælland,55.61730235,11.23183281,Kalundborg
4500,Nykøbing Sj,55.9928841,11.56343652,Odsherred
4520,Svinninge,55.71737311,11.48951817,Holbæk
4532,Gislinge,55.73610011,11.56410432,Holbæk
4534,Hørve,55.76162863,11.40509,Odsherred
4540,Fårevejle,55.85310811,11.37403038,Odsherred
4550,Asnæs,55.81190532,11.49734325,Odsherred
4560,Vig,55.84646728,11.56036901,Odsherred
4571,Grevinge,55.79587455,11.58697448,Odsherred
4572,Nørre Asmindrup,55.88038731,11.62326767,Odsherred
4573,Højby,55.90779403,11.55659445,Odsherred
4581,Rørvig,56.01043371,11.71725292,Odsherred
4583,Sjællands Odde,56.08627395,11.26204837,Odsherred
4591,Føllenslev,55.79702076,11.27498796,Odsherred
4592,Sejerø,55.92069678,11.03916639,Kalundborg
4593,Eskebjerg,55.7277303,11.23692126,Kalundborg
4600,Køge,55.45527126,12.22015308,Køge
4621,Gadstrup,55.5745913,12.08017443,Roskilde
4622,Havdrup,55.54041131,12.11265454,Roskilde
4623,Lille Skensved,55.50779016,12.08511883,Køge
4632,Bjæverskov,55.44838852,12.02691725,Køge
4640,Faxe,55.2685839,12.12411652,Faxe
4652,Hårlev,55.36245892,12.22317915,Faxe
4653,Karise,55.29633252,12.21696415,Faxe
4654,Faxe Ladeplads,55.19490482,12.19373813,Faxe
4660,Store Heddinge,55.33554618,12.51110642,Stevns
4671,Strøby,55.42088958,12.31112895,Stevns
4672,Klippinge,55.44595315,12.4342892,Stevns
4673,Rødvig Stevns,55.20085779,12.38750748,Stevns
4681,Herfølge,55.41715543,12.14194267,Køge
4682,Tureby,55.38830546,12.08719823,Køge
4683,Rønnede,55.23758668,12.02277028,Faxe
4684,Holmegaard,55.25979308,11.86408266,Faxe
4690,Haslev,55.32031014,11.95519764,Faxe
4700,Næstved,55.19504272,11.77357353,Næstved
4720,Præstø,55.12208613,12.19166049,Vordingborg
4733,Tappernøje,55.18127292,11.98569733,Faxe
4735,Mern,55.04277496,12.06283657,Vordingborg
4736,Karrebæksminde,55.15521424,11.6361743,Næstved
4750,Lundby,55.10685595,11.78064612,Næstved
4760,Vordingborg,55.02464842,11.8960716,Vordingborg
4771,Kalvehave,55.00889353,12.15645358,Vordingborg
4772,Langebæk,54.99961116,12.08817698,Vordingborg
4773,Stensved,54.97060588,12.03439585,Vordingborg
4780,Stege,54.9362949,12.31627561,Vordingborg
4791,Borre,54.97429881,12.7284169,Vordingborg
4792,Askeby,54.7375487,12.52545007,Vordingborg
4793,Bogø By,54.92382082,12.05993905,Vordingborg
4800,Nykøbing F,54.7930621,11.90198993,Guldborgsund
4840,Nørre Alslev,54.93527293,11.78722678,Guldborgsund
4850,Stubbekøbing,54.71290684,12.41175242,Guldborgsund
4862,Guldborg,54.90483893,11.62528305,Guldborgsund
4863,Eskilstrup,54.86008913,11.90575722,Guldborgsund
4871,Horbelev,54.69990623,12.29995982,Guldborgsund
4872,Idestrup,54.70210497,12.11248046,Guldborgsund
4873,Væggerløse,54.66359732,11.98479974,Guldborgsund
4874,Gedser,54.49608541,11.9502463,Guldborgsund
4880,Nysted,54.62941506,11.74490279,Guldborgsund
4891,Toreby L,54.7578349,11.77556621,Guldborgsund
4892,Kettinge,54.70725618,11.74606046,Guldborgsund
4894,Øster Ulslev,54.68554952,11.60726017,Lolland
4895,Errindlev,54.63787516,11.53487222,Lolland
4900,Nakskov,54.75748092,10.98835691,Lolland
4912,Harpelunde,54.90510445,10.98695965,Lolland
4913,Horslunde,54.96838447,11.20918569,Lolland
4920,Søllested,54.79935911,11.29197531,Lolland
4930,Maribo,54.76659931,11.49815546,Lolland
4941,Bandholm,54.83767284,11.49059609,Lolland
4942,Askø,54.89908661,11.5111678,Lolland
4943,Torrig L,55.05662783,11.36808859,Lolland
4944,Fejø,54.95857211,11.4069268,Lolland
4945,Femø,54.9844243,11.56847203,Lolland
4951,Nørreballe,54.81506841,11.4281128,Lolland
4952,Stokkemarke,54.84533107,11.37909951,Lolland
4953,Vesterborg,54.863378,11.28637518,Lolland
4960,Holeby,54.70172856,11.53543477,Lolland
4970,Rødby,54.53635729,11.57693074,Lolland
4983,Dannemare,54.71726169,11.17254811,Lolland
4990,Sakskøbing,54.8143415,11.63568865,Guldborgsund
5000,Odense C,55.403021,10.39174411,Odense
5200,Odense V,55.39401435,10.32843174,Odense
5210,Odense NV,55.41754658,10.30695242,Odense
5220,Odense SØ,55.34929575,10.49825565,Odense
5230,Odense M,55.37859541,10.4114235,Odense
5240,Odense NØ,55.42123207,10.44332209,Odense
5250,Odense SV,55.35251254,10.29791607,Odense
5260,Odense S,55.34939755,10.39917484,Odense
5270,Odense N,55.44966319,10.35714765,Odense
5290,Marslev,55.396433,10.53251585,Kerteminde
5300,Kerteminde,55.49807432,10.8508032,Kerteminde
5320,Agedrup,55.43442698,10.48909454,Odense
5330,Munkebo,55.46833207,10.53070411,Kerteminde
5350,Rynkeby,55.40654304,10.62525952,Kerteminde
5370,Mesinge,55.48986232,10.64470255,Kerteminde
5380,Dalby,55.51715531,10.7017613,Kerteminde
5390,Martofte,55.61575822,10.65770823,Kerteminde
5400,Bogense,55.6129967,10.15483531,Nordfyns
5450,Otterup,55.56662852,10.41038685,Nordfyns
5462,Morud,55.43415758,10.19234031,Nordfyns
5463,Harndrup,55.45477943,10.02916475,Middelfart
5464,Brenderup Fyn,55.49127877,9.98162512,Middelfart
5466,Asperup,55.50180178,9.90219075,Middelfart
5471,Søndersø,55.48691259,10.08371535,Nordfyns
5474,Veflinge,55.46255574,10.14425746,Nordfyns
5485,Skamby,55.51969426,10.26859858,Nordfyns
5491,Blommenslyst,55.38883518,10.22531693,Odense
5492,Vissenbjerg,55.39228422,10.13229762,Assens
5500,Middelfart,55.48934885,9.78489314,Middelfart
5540,Ullerslev,55.38540272,10.67264084,Kerteminde
5550,Langeskov,55.36672658,10.58946818,Faaborg-Midtfyn
5560,Aarup,55.37369367,10.03851749,Middelfart
5580,Nørre Aaby,55.41549178,9.77417672,Middelfart
5591,Gelsted,55.39954114,9.96614107,Middelfart
5592,Ejby,55.36518649,9.82415972,Middelfart
5600,Faaborg,55.11203154,10.30952407,Faaborg-Midtfyn
5601,Lyø,55.02895047,10.1289297,Faaborg-Midtfyn
5602,Avernakø,55.00930386,10.2827681,Faaborg-Midtfyn
5603,Bjørnø,55.06201633,10.25360285,Faaborg-Midtfyn
5610,Assens,55.29165859,9.8932785,Middelfart
5620,Glamsbjerg,55.27213799,10.10343663,Assens
5631,Ebberup,55.13177189,9.96382534,Assens
5642,Millinge,55.15062316,10.12933606,Assens
5672,Broby,55.24506199,10.25211529,Faaborg-Midtfyn
5683,Haarby,55.18924968,10.07032627,Assens
5690,Tommerup,55.3195544,10.19834407,Assens
5700,Svendborg,55.01443666,10.59802878,Svendborg
5750,Ringe,55.2209888,10.42313811,Faaborg-Midtfyn
5762,Vester Skerninge,55.06342876,10.45011017,Faaborg-Midtfyn
5771,Stenstrup,55.12556284,10.52352287,Faaborg-Midtfyn
5772,Kværndrup,55.18424637,10.54250568,Faaborg-Midtfyn
5792,Årslev,55.2906707,10.3936597,Faaborg-Midtfyn
5800,Nyborg,55.35301317,10.79790443,Nyborg
5853,Ørbæk,55.2661035,10.63473931,Faaborg-Midtfyn
5854,Gislev,55.2122797,10.60886979,Faaborg-Midtfyn
5856,Ryslinge,55.23725238,10.54368086,Faaborg-Midtfyn
5863,Ferritslev Fyn,55.31045491,10.58601195,Faaborg-Midtfyn
5871,Frørup,55.23864739,10.81307692,Nyborg
5874,Hesselager,55.17539817,10.79995852,Nyborg
5881,Skårup Fyn,55.06735111,10.76263715,Svendborg
5882,Vejstrup,55.09510217,10.79980106,Svendborg
5883,Oure,55.11784585,10.77337328,Svendborg
5884,Gudme,55.1496317,10.7120614,Svendborg
5892,Gudbjerg Sydfyn,55.15512414,10.63638217,Svendborg
5900,Rudkøbing,54.88518842,10.80968538,Langeland
5932,Humble,54.81821541,10.63436277,Langeland
5935,Bagenkop,54.65753168,10.66497262,Langeland
5943,Strynø,54.90089651,10.58807706,Langeland
5953,Tranekær,55.06361655,10.94268354,Langeland
5960,Marstal,54.85672022,10.51672958,Ærø
5965,Birkholm,54.9345412,10.50923834,Ærø
5970,Ærøskøbing,54.79716403,10.33601694,Ærø
5985,Søby Ærø,54.94375791,10.21809442,Ærø
6000,Kolding,55.50221297,9.46847631,Kolding
6040,Egtved,55.61664144,9.29089234,Kolding
6051,Almind,55.55907816,9.46401838,Kolding
6052,Viuf,55.58677181,9.49835852,Kolding
6064,Jordrup,55.55380577,9.3183142,Kolding
6070,Christiansfeld,55.35487274,9.44750863,Haderslev
6091,Bjert,55.44548525,9.55990342,Kolding
6092,Sønder Stenderup,55.44711912,9.65720072,Kolding
6093,Sjølund,55.4068472,9.53828204,Kolding
6094,Hejls,55.38893478,9.62026417,Haderslev
6100,Haderslev,55.24177268,9.61886938,Haderslev
6200,Aabenraa,55.02899493,9.49975045,Aabenraa
6210,Barsø,55.1226369,9.58941416,Aabenraa
6230,Rødekro,55.07437317,9.28037618,Aabenraa
6240,Løgumkloster,55.06237954,8.96415413,Tønder
6261,Bredebro,55.07311357,8.68091354,Tønder
6270,Tønder,54.95248429,8.89453488,Tønder
6280,Højer,54.97473424,8.65269961,Tønder
6300,Gråsten,54.91730187,9.55791076,Sønderborg
6310,Broager,54.8713804,9.68079394,Sønderborg
6320,Egernsund,54.90003298,9.61059297,Sønderborg
6330,Padborg,54.84549059,9.30983473,Aabenraa
6340,Kruså,54.8687306,9.46328593,Aabenraa
6360,Tinglev,54.90310802,9.20354055,Aabenraa
6372,Bylderup-Bov,55.01708464,9.14165594,Aabenraa
6392,Bolderslev,54.9843364,9.20811159,Aabenraa
6400,Sønderborg,54.9528525,9.71079556,Sønderborg
6430,Nordborg,55.06940698,9.77014411,Sønderborg
6440,Augustenborg,54.98937381,10.00776445,Sønderborg
6470,Sydals,54.87308589,10.03587811,Sønderborg
6500,Vojens,55.2436827,9.31835235,Haderslev
6510,Gram,55.27645397,9.01601909,Haderslev
6520,Toftlund,55.18306206,9.0451996,Haderslev
6534,Agerskov,55.12832485,9.15854853,Haderslev
6535,Branderup J,55.12085206,9.05916508,Tønder
6541,Bevtoft,55.19588025,9.19750089,Haderslev
6560,Sommersted,55.32447339,9.26072776,Haderslev
6580,Vamdrup,55.41366579,9.34398711,Kolding
6600,Vejen,55.4784284,9.11204215,Vejen
6621,Gesten,55.53607493,9.1837296,Vejen
6622,Bække,55.58270689,9.15666611,Vejen
6623,Vorbasse,55.63499139,9.09958348,Billund
6630,Rødding,55.38472069,9.14057169,Haderslev
6640,Lunderskov,55.4763505,9.32882435,Kolding
6650,Brørup,55.49880374,8.99731666,Vejen
6660,Lintrup,55.41777362,8.99575864,Vejen
6670,Holsted,55.51123399,8.90149179,Esbjerg
6682,Hovborg,55.60367953,8.94671137,Billund
6683,Føvling,55.43560842,8.91001913,Esbjerg
6690,Gørding,55.4813413,8.82201058,Esbjerg
6700,Esbjerg,55.45935717,8.46174114,Esbjerg
6705,Esbjerg Ø,55.49119455,8.50670361,Esbjerg
6710,Esbjerg V,55.55262453,8.34866677,Esbjerg
6715,Esbjerg N,55.55332885,8.5093547,Esbjerg
6720,Fanø,55.28286185,7.56593986,Fanø
6731,Tjæreborg,55.46029975,8.59046906,Esbjerg
6740,Bramming,55.46065157,8.70168486,Esbjerg
6752,Glejbjerg,55.55973335,8.83181793,Vejen
6753,Agerbæk,55.60852142,8.82421529,Varde
6760,Ribe,55.31137673,8.76358629,Esbjerg
6771,Gredstedbro,55.37115323,8.60307494,Esbjerg
6780,Skærbæk,55.17738587,8.79091021,Tønder
6792,Rømø,55.14881868,8.29013955,Tønder
6800,Varde,55.65607154,8.52854473,Varde
6818,Årre,55.5768897,8.71514348,Esbjerg
6823,Ansager,55.72123589,8.75126746,Billund
6830,Nørre Nebel,55.7873441,8.22547945,Varde
6840,Oksbøl,55.63843566,8.2413214,Varde
6851,Janderup Vestj,55.63374455,8.38971082,Varde
6852,Billum,55.59542013,8.306516,Varde
6853,Vejers Strand,55.43289751,5.24215492,Varde
6854,Henne,55.71982269,4.43594447,Varde
6855,Outrup,55.70803366,8.37405373,Varde
6857,Blåvand,55.45206547,6.6069035,Varde
6862,Tistrup,55.71896752,8.63263378,Varde
6870,Ølgod,55.79347704,8.61815877,Varde
6880,Tarm,55.89016003,8.54104706,Varde
6893,Hemmet,55.85259869,8.33561789,Ringkøbing-Skjern
6900,Skjern,55.99089664,8.53885308,Ringkøbing-Skjern
6920,Videbæk,56.08052418,8.66992988,Ringkøbing-Skjern
6933,Kibæk,55.94883412,8.92947696,Herning
6940,Lem St,56.05110041,8.42316735,Ringkøbing-Skjern
6950,Ringkøbing,56.20098497,4.07461311,Ringkøbing-Skjern
6960,Hvide Sande,55.93212987,4.28511819,Ringkøbing-Skjern
6971,Spjald,56.15361133,8.50600358,Ringkøbing-Skjern
6973,Ørnhøj,56.21518023,8.52448598,Herning
6980,Tim,56.18956069,8.19684723,Ringkøbing-Skjern
6990,Ulfborg,56.3042395,8.0070526,Herning
7000,Fredericia,55.57103757,9.66918005,Fredericia
7080,Børkop,55.65719788,9.67048857,Vejle
7100,Vejle,55.69052913,9.5066267,Vejle
7120,Vejle Øst,55.7220274,9.63873738,Vejle
7130,Juelsminde,55.76046689,10.02918372,Hedensted
7140,Stouby,55.69215915,9.78417201,Hedensted
7150,Barrit,55.68695015,9.8978292,Hedensted
7160,Tørring,55.87483844,9.50220604,Vejle
7171,Uldum,55.8358153,9.59518771,Hedensted
7173,Vonge,55.86467774,9.42328648,Vejle
7182,Bredsten,55.70610256,9.36512374,Vejle
7183,Randbøl,55.67810764,9.26919785,Vejle
7184,Vandel,55.71507833,9.19531768,Vejle
7190,Billund,55.73792043,9.10071489,Billund
7200,Grindsted,55.75986358,8.89887879,Billund
7250,Hejnsvig,55.69122218,8.96462269,Billund
7260,Sønder Omme,55.85051521,8.89341393,Billund
7270,Stakroge,55.89268974,8.82814289,Billund
7280,Sønder Felding,55.94233943,8.80469301,Herning
7300,Jelling,55.76853547,9.43589642,Vejle
7321,Gadbjerg,55.77031641,9.31066038,Vejle
7323,Give,55.85744681,9.2710166,Vejle
7330,Brande,55.93341595,9.0912202,Vejle
7361,Ejstrupholm,56.02375436,9.24826265,Vejle
7362,Hampen,56.06515415,9.38166979,Silkeborg
7400,Herning,56.11911505,8.98775376,Herning
7430,Ikast,56.09377094,9.1925469,Ikast-Brande
7441,Bording,56.15035869,9.25469883,Silkeborg
7442,Engesvang,56.21005036,9.30391703,Silkeborg
7451,Sunds,56.22960774,9.02585964,Herning
7470,Karup J,56.32799021,9.17419358,Herning
7480,Vildbjerg,56.18215286,8.74507312,Herning
7490,Aulum,56.2699576,8.79948064,Herning
7500,Holstebro,56.34794414,8.58519299,Herning
7540,Haderup,56.32444075,8.9740962,Herning
7550,Sørvad,56.25194401,8.66525292,Herning
7560,Hjerm,56.43288826,8.64900967,Holstebro
7570,Vemb,56.35236537,8.27244636,Holstebro
7600,Struer,56.52775554,8.60339354,Holstebro
7620,Lemvig,56.54580784,8.33453584,Lemvig
7650,Bøvlingbjerg,56.54689645,5.04556549,Lemvig
7660,Bækmarksbro,56.41551889,8.33184097,Lemvig
7673,Harboøre,56.62870473,8.06400269,Lemvig
7680,Thyborøn,56.86776362,6.26580665,Lemvig
7700,Thisted,57.32370377,7.90681299,Thisted
7730,Hanstholm,57.44347291,8.33928238,Thisted
7741,Frøstrup,57.39912576,8.9170332,Thisted
7742,Vesløs,57.00570708,9.03058677,Thisted
7752,Snedsted,57.2597249,7.47858654,Thisted
7755,Bedsted Thy,57.17740891,7.21613935,Thisted
7760,Hurup Thy,56.72425361,8.42909599,Struer
7770,Vestervig,57.02202911,6.93927002,Thisted
7790,Thyholm,56.62765212,8.51363052,Struer
7800,Skive,56.46317549,8.99505562,Holstebro
7830,Vinderup,56.47769058,8.80020865,Herning
7840,Højslev,56.59677993,9.16509632,Skive
7850,Stoholm Jyll,56.48444375,9.12847686,Viborg
7860,Spøttrup,56.62419195,8.82098992,Skive
7870,Roslev,56.72437033,9.04159313,Skive
7884,Fur,56.84193567,9.00553893,Skive
7900,Nykøbing M,56.90798948,8.88457349,Morsø
7950,Erslev,56.8517685,8.69843044,Morsø
7960,Karby,56.76132134,8.56443606,Morsø
7970,Redsted M,56.73993747,8.63946767,Morsø
7980,Vils,56.74842812,8.72666914,Morsø
7990,Øster Assels,56.68763915,8.70032858,Morsø
8000,Aarhus C,56.15051496,10.27802097,Aarhus
8200,Aarhus N,56.20167527,10.15922351,Aarhus
8210,Aarhus V,56.17162148,10.15819911,Aarhus
8220,Brabrand,56.15788265,10.06788413,Aarhus
8230,Åbyhøj,56.15196052,10.1605019,Aarhus
8240,Risskov,56.18719668,10.24680782,Aarhus
8250,Egå,56.22214938,10.29989608,Aarhus
8260,Viby J,56.12635244,10.13778473,Aarhus
8270,Højbjerg,56.09903701,10.28961018,Aarhus
8300,Odder,55.92457284,10.24464778,Odder
8305,Samsø,55.91180366,10.68434089,Samsø
8310,Tranbjerg J,56.09423322,10.13924601,Aarhus
8320,Mårslet,56.0658713,10.15312251,Aarhus
8330,Beder,56.06302044,10.24584275,Aarhus
8340,Malling,56.02634501,10.2151148,Odder
8350,Hundslund,55.90552571,10.05739341,Odder
8355,Solbjerg,56.03661436,10.0866212,Aarhus
8361,Hasselager,56.10123046,10.08245179,Aarhus
8362,Hørning,56.09369625,10.0135704,Skanderborg
8370,Hadsten,56.33866468,10.0289852,Favrskov
8380,Trige,56.27022295,10.16086107,Favrskov
8381,Tilst,56.18928869,10.09750556,Aarhus
8382,Hinnerup,56.25949156,10.06719333,Favrskov
8400,Ebeltoft,56.14931257,10.82632626,Syddjurs
8410,Rønde,56.30328793,10.48173371,Syddjurs
8420,Knebel,56.15222183,10.45208963,Syddjurs
8444,Balle,56.20496905,11.11035786,Syddjurs
8450,Hammel,56.26356721,9.8817943,Favrskov
8462,Harlev J,56.14059283,9.99991491,Aarhus
8464,Galten,56.17800104,9.91179535,Skanderborg
8471,Sabro,56.21127538,10.01547147,Favrskov
8472,Sporup,56.20907595,9.83610781,Favrskov
8500,Grenaa,56.43069147,11.08217337,Norddjurs
8520,Lystrup,56.24438884,10.22716475,Aarhus
8530,Hjortshøj,56.29464717,10.20502083,Aarhus
8541,Skødstrup,56.26151082,10.36793908,Aarhus
8543,Hornslet,56.33260256,10.29717181,Syddjurs
8544,Mørke,56.35508218,10.38246065,Syddjurs
8550,Ryomgård,56.38481233,10.50027849,Syddjurs
8560,Kolind,56.34682936,10.61106988,Syddjurs
8570,Trustrup,56.36287517,10.74217288,Syddjurs
8581,Nimtofte,56.42793946,10.53988094,Syddjurs
8585,Glesborg,56.58757292,10.64766235,Norddjurs
8586,Ørum Djurs,56.44956016,10.62703709,Norddjurs
8592,Anholt,56.77566641,11.49010919,Norddjurs
8600,Silkeborg,56.17147071,9.4900253,Silkeborg
8620,Kjellerup,56.2882506,9.39095532,Silkeborg
8632,Lemming,56.24319222,9.55711799,Silkeborg
8641,Sorring,56.17906349,9.77449496,Favrskov
8643,Ans By,56.28777753,9.6247327,Silkeborg
8653,Them,56.08668443,9.55044283,Silkeborg
8654,Bryrup,56.02488921,9.47060993,Horsens
8660,Skanderborg,56.02388208,9.89235588,Horsens
8670,Låsby,56.14838747,9.79899795,Skanderborg
8680,Ry,56.08481116,9.71786836,Horsens
8700,Horsens,55.86597915,9.89301425,Horsens
8721,Daugård,55.72499013,9.70789065,Vejle
8722,Hedensted,55.76508387,9.71130088,Hedensted
8723,Løsning,55.81385497,9.69416947,Hedensted
8732,Hovedgård,55.95626604,9.98616441,Horsens
8740,Brædstrup,55.96052136,9.59236493,Horsens
8751,Gedved,55.93439431,9.86197889,Horsens
8752,Østbirk,55.96885636,9.75712583,Horsens
8762,Flemming,55.89442946,9.66642959,Horsens
8763,Rask Mølle,55.87835123,9.6137501,Hedensted
8765,Klovborg,55.92463273,9.48555987,Horsens
8766,Nørre Snede,55.96381394,9.41496508,Ikast-Brande
8781,Stenderup,55.79039351,9.80232769,Horsens
8783,Hornsyld,55.76234096,9.85180061,Horsens
8789,Endelave,55.75329623,10.30820541,Horsens
8799,Tunø,55.9486075,10.44454187,Odder
8800,Viborg,56.41681148,9.36897659,Silkeborg
8830,Tjele,56.49762699,9.60208409,Viborg
8831,Løgstrup,56.51759246,9.32656972,Viborg
8832,Skals,56.59071095,9.35963562,Viborg
8840,Rødkærsbro,56.35360504,9.50444327,Silkeborg
8850,Bjerringbro,56.36051392,9.64257403,Favrskov
8860,Ulstrup,56.3800683,9.78710533,Favrskov
8870,Langå,56.3806496,9.90941177,Favrskov
8881,Thorsø,56.3103006,9.79439741,Favrskov
8882,Fårvang,56.27196318,9.70492587,Favrskov
8883,Gjern,56.22223999,9.73984728,Silkeborg
8900,Randers C,56.46401254,10.0331817,Randers
8920,Randers NV,56.48050883,9.88044731,Randers
8930,Randers NØ,56.50265825,10.1724293,Randers
8940,Randers SV,56.41476356,10.01231946,Favrskov
8950,Ørsted,56.53413791,10.32882868,Norddjurs
8960,Randers SØ,56.42912946,10.17671406,Favrskov
8961,Allingåbro,56.49705855,10.49037138,Norddjurs
8963,Auning,56.42921057,10.38424574,Syddjurs
8970,Havndal,56.6517573,10.26167957,Randers
8981,Spentrup,56.54082727,10.0192493,Randers
8983,Gjerlev J,56.58244324,10.10165114,Randers
8990,Fårup,56.55632319,9.84538694,Randers
9000,Aalborg,57.05171431,9.8350492,Aalborg
9200,Aalborg SV,57.00928951,9.86220561,Aalborg
9210,Aalborg SØ,56.9991663,9.93295578,Aalborg
9220,Aalborg Øst,57.05425152,10.00949733,Aalborg
9230,Svenstrup J,56.9647583,9.86815189,Rebild
9240,Nibe,56.94881207,9.57985536,Vesthimmerlands
9260,Gistrup,56.93195612,10.01379029,Rebild
9270,Klarup,57.01911272,10.05559807,Aalborg
9280,Storvorde,56.91678716,10.27569023,Aalborg
9293,Kongerslev,56.89578273,10.1135906,Rebild
9300,Sæby,57.2843629,10.57327556,Frederikshavn
9310,Vodskov,57.09538719,10.09257652,Aalborg
9320,Hjallerup,57.17870119,10.13790859,Brønderslev
9330,Dronninglund,57.21127809,10.31020366,Brønderslev
9340,Asaa,57.13326579,10.44405468,Brønderslev
9352,Dybvad,57.28497909,10.32334518,Brønderslev
9362,Gandrup,57.05355839,10.1977671,Aalborg
9370,Hals,56.96384115,10.65368838,Brønderslev
9380,Vestbjerg,57.12732919,9.97550463,Aalborg
9381,Sulsted,57.16265215,9.99174315,Jammerbugt
9382,Tylstrup,57.20308117,9.9350316,Brønderslev
9400,Nørresundby,57.08119416,9.92809079,Aalborg
9430,Vadum,57.11542161,9.8563612,Jammerbugt
9440,Aabybro,57.16282327,9.76743314,Brønderslev
9460,Brovst,57.10716869,9.5353613,Jammerbugt
9480,Løkken,57.38233116,9.65510765,Brønderslev
9490,Pandrup,57.20322545,9.65450533,Jammerbugt
9492,Blokhus,57.25739854,9.57722094,Jammerbugt
9493,Saltum,57.26602114,9.69608315,Jammerbugt
9500,Hobro,56.6528756,9.77366901,Viborg
9510,Arden,56.76264148,9.94260419,Rebild
9520,Skørping,56.84944104,9.92696601,Rebild
9530,Støvring,56.89267972,9.80945918,Rebild
9541,Suldrup,56.84292865,9.68119202,Vesthimmerlands
9550,Mariager,56.63765951,10.0220988,Randers
9560,Hadsund,56.77688954,10.41645939,Rebild
9574,Bælum,56.8298458,10.12654857,Rebild
9575,Terndrup,56.81450196,10.04422607,Rebild
9600,Aars,56.80003403,9.49610809,Vesthimmerlands
9610,Nørager,56.74794316,9.63042311,Vesthimmerlands
9620,Aalestrup,56.69297871,9.4967184,Viborg
9631,Gedsted,56.69090841,9.36542938,Viborg
9632,Møldrup,56.6088695,9.50805968,Viborg
9640,Farsø,56.77310507,9.27748567,Vesthimmerlands
9670,Løgstør,56.95819912,9.30949603,Vesthimmerlands
9681,Ranum,56.89861349,9.12839085,Vesthimmerlands
9690,Fjerritslev,57.12742277,9.20878724,Jammerbugt
9700,Brønderslev,57.28432949,9.88277134,Brønderslev
9740,Jerslev J,57.29699349,10.11084423,Brønderslev
9750,Østervrå,57.34034984,10.27081316,Brønderslev
9760,Vrå,57.37190853,9.87742317,Brønderslev
9800,Hjørring,57.70230652,9.2956345,Hjørring
9830,Tårs,57.37825187,10.14317436,Frederikshavn
9850,Hirtshals,57.94281241,9.71496643,Hjørring
9870,Sindal,57.4674892,10.24075136,Frederikshavn
9881,Bindslev,57.57139797,10.23668023,Frederikshavn
9900,Frederikshavn,57.52270103,10.72500277,Frederikshavn
9940,Læsø,57.18887848,11.14575743,Læsø
9970,Strandby,57.51074154,10.52915912,Frederikshavn
9981,Jerup,57.53549926,10.43874206,Frederikshavn
9982,Ålbæk,57.60572774,10.40473272,Frederikshavn
9990,Skagen,57.85540126,10.48570715,Frederikshavn
